Timestamp,open,high,low,close,weekly_group,indicator,daily_ret,ret,cum_ret,cem_daily_ret,cum_daily_ret
2017-05-24,10014.15,10059.74,10014.15,10044.42,2017-05-24,0.0,0.003022722847171311,0.0,0.0,0.003022722847171311,0.003022722847171311
2017-05-31,10095.95,10116.13,10025.88,10040.72,2017-05-31,0.0,-0.005470510452211141,0.0,0.0,-0.0024477876050398306,-0.0024477876050398306
2017-06-07,10216.14,10242.39,10183.15,10209.99,2017-06-07,0.0,-0.0006019886180103073,0.0,0.0,-0.003049776223050138,-0.003049776223050138
2017-06-14,10142.8,10165.31,10033.25,10072.46,2017-06-14,0.0,-0.006934968647710704,0.0,0.0,-0.009984744870760842,-0.009984744870760842
2017-06-21,10310.97,10379.82,10274.75,10349.72,2017-06-21,0.0,0.0037581333279022022,0.0,0.0,-0.00622661154285864,-0.00622661154285864
2017-06-28,10459.17,10459.17,10382.81,10390.55,2017-06-28,0.0,-0.006560750040395247,0.0,0.0,-0.012787361583253887,-0.012787361583253887
2017-07-05,10352.39,10404.79,10304.74,10404.79,2017-07-05,0.0,0.005061633110808428,0.0,0.0,-0.007725728472445459,-0.007725728472445459
2017-07-12,10396.97,10450.87,10393.54,10420.68,2017-07-12,0.0,0.0022804720990827754,0.0,0.0,-0.0054452563733626835,-0.0054452563733626835
2017-07-19,10472.81,10537.42,10472.81,10506.1,2017-07-19,0.0,0.0031787075293068234,0.0,0.0,-0.00226654884405586,-0.00226654884405586
2017-07-26,10477.15,10500.11,10416.57,10419.11,2017-07-26,0.0,-0.005539674434364206,0.0,0.0,-0.007806223278420066,-0.007806223278420066
2017-08-02,10479.26,10519.27,10479.26,10519.27,2017-08-02,0.0,0.0038180176844548885,0.0,0.0,-0.003988205593965177,-0.003988205593965177
2017-08-09,10523.51,10536.19,10457.52,10470.38,2017-08-09,0.0,-0.005048695729846897,0.0,0.0,-0.009036901323812074,-0.009036901323812074
2017-08-16,10302.83,10322.38,10245.72,10290.39,2017-08-16,0.0,-0.0012074352386675091,0.0,0.0,-0.010244336562479583,-0.010244336562479583
2017-08-23,10418.32,10458.91,10378.01,10406.81,2017-08-23,0.0,-0.001104784648580548,0.0,0.0,-0.011349121211060131,-0.011349121211060131
2017-08-30,10511.59,10574.53,10511.59,10569.4,2017-08-30,0.0,0.005499643726591286,0.0,0.0,-0.005849477484468846,-0.005849477484468846
2017-09-06,10593.87,10604.92,10519.71,10547.86,2017-09-06,0.0,-0.004343077647734006,0.0,0.0,-0.010192555132202852,-0.010192555132202852
2017-09-13,10596.36,10620.31,10532.88,10532.88,2017-09-13,0.0,-0.005990736441570665,0.0,0.0,-0.016183291573773517,-0.016183291573773517
2017-09-20,10568.58,10589.19,10490.71,10519.17,2017-09-20,0.0,-0.004675178690041637,0.0,0.0,-0.020858470263815154,-0.020858470263815154
2017-09-27,10322.44,10357.23,10315.97,10326.68,2017-09-27,0.0,0.00041075559654490945,0.0,0.0,-0.020447714667270245,-0.020447714667270245
2017-10-05,10473.28,10530.93,10473.28,10518.27,2017-10-05,0.0,0.004295693421735969,0.0,0.0,-0.016152021245534276,-0.016152021245534276
2017-10-18,10773.85,10790.31,10684.32,10720.28,2017-10-18,0.0,-0.004972224413742454,0.0,0.0,-0.02112424565927673,-0.02112424565927673
2017-10-25,10771.4,10794.55,10740.07,10750.57,2017-10-25,0.0,-0.0019338247581558443,0.0,0.0,-0.023058070417432575,-0.023058070417432575
2017-11-01,10816.04,10843.41,10785.32,10806.36,2017-11-01,0.0,-0.0008949671044116148,0.0,0.0,-0.02395303752184419,-0.02395303752184419
2017-11-08,10839.44,10844.74,10806.01,10818.99,2017-11-08,0.0,-0.0018866288295337208,0.0,0.0,-0.02583966635137791,-0.02583966635137791
2017-11-15,10662.08,10669.59,10600.26,10630.65,2017-11-15,0.0,-0.0029478300669287805,0.0,0.0,-0.02878749641830669,-0.02878749641830669
2017-11-22,10815.4,10882.65,10801.1,10822.59,2017-11-22,0.0,0.000664792795458391,0.0,0.0,-0.0281227036228483,-0.0281227036228483
2017-11-29,10735.24,10762.91,10697.62,10713.55,2017-11-29,0.0,-0.002020448541439235,0.0,0.0,-0.030143152164287534,-0.030143152164287534
2017-12-06,10541.03,10541.03,10376.65,10393.92,2017-12-06,0.0,-0.013955941686913054,0.0,0.0,-0.04409909385120059,-0.04409909385120059
2017-12-13,10447.11,10489.17,10444.7,10470.7,2017-12-13,0.0,0.0022580407404535485,0.0,0.0,-0.04184105311074704,-0.04184105311074704
2017-12-20,10470.36,10514.31,10470.36,10504.52,2017-12-20,0.0,0.003262543026218756,0.0,0.0,-0.038578510084528284,-0.038578510084528284
2017-12-27,10419.81,10497.77,10419.81,10486.67,2017-12-27,0.0,0.006416623719626369,0.0,0.0,-0.032161886364901915,-0.032161886364901915
2018-01-03,10759.61,10813.16,10759.61,10801.57,2018-01-03,0.0,0.003899769601314551,0.0,0.0,-0.028262116763587364,-0.028262116763587364
2018-01-10,10915.32,10934.75,10819.25,10831.09,2018-01-10,0.0,-0.0077166771107031185,0.0,0.0,-0.03597879387429048,-0.03597879387429048
2018-01-17,10976.13,11030.22,10942.95,11004.8,2018-01-17,0.0,0.002612031745250931,0.0,0.0,-0.03336676212903955,-0.03336676212903955
2018-01-24,11228.71,11228.71,11107.32,11152.16,2018-01-24,0.0,-0.006817345892805027,0.0,0.0,-0.04018410802184458,-0.04018410802184458
2018-01-31,11054.36,11158.29,11007.89,11103.79,2018-01-31,0.0,0.004471538831736899,0.0,0.0,-0.03571256919010768,-0.03571256919010768
2018-02-07,10547.64,10697.82,10547.64,10551.54,2018-02-07,0.0,0.0003697509585083303,0.0,0.0,-0.03534281823159935,-0.03534281823159935
2018-02-21,10559.79,10720.48,10559.79,10714.44,2018-02-21,0.0,0.014645177602963688,0.0,0.0,-0.02069764062863566,-0.02069764062863566
2018-03-01,10779.1,10805.55,10709.69,10785.79,2018-03-01,0.0,0.0006206455084376561,0.0,0.0,-0.020076995120198005,-0.020076995120198005
2018-03-07,10762.99,10818.05,10745.32,10745.32,2018-03-07,0.0,-0.0016417371009357362,0.0,0.0,-0.02171873222113374,-0.02171873222113374
2018-03-14,11063.73,11070.29,11015.47,11038.8,2018-03-14,0.0,-0.002253308784650465,0.0,0.0,-0.023972041005784206,-0.023972041005784206
2018-03-21,11037.35,11072.31,11011.07,11011.07,2018-03-21,0.0,-0.00238100631039162,0.0,0.0,-0.026353047316175826,-0.026353047316175826
2018-03-28,10939.97,10939.97,10853.48,10865.66,2018-03-28,0.0,-0.006792523197047151,0.0,0.0,-0.03314557051322298,-0.03314557051322298
2018-04-09,10880.14,10904.75,10829.02,10893.53,2018-04-09,0.0,0.0012306826934214143,0.0,0.0,-0.03191488781980156,-0.03191488781980156
2018-04-18,10842.88,10917.6,10809.89,10847.89,2018-04-18,0.0,0.00046205436194068916,0.0,0.0,-0.031452833457860874,-0.031452833457860874
2018-04-25,10541.83,10573.73,10489.2,10559.97,2018-04-25,0.0,0.0017207638521963275,0.0,0.0,-0.029732069605664546,-0.029732069605664546
2018-05-02,10665.52,10683.9,10601.1,10618.81,2018-05-02,0.0,-0.004379533299829874,0.0,0.0,-0.03411160290549442,-0.03411160290549442
2018-05-09,10692.89,10748.6,10689.81,10703.35,2018-05-09,0.0,0.0009782201070058782,0.0,0.0,-0.03313338279848854,-0.03313338279848854
2018-05-16,10873.54,10915.74,10865.07,10897.57,2018-05-16,0.0,0.0022099518648019956,0.0,0.0,-0.030923430933686546,-0.030923430933686546
2018-05-23,10974.52,10991.86,10886.18,10886.18,2018-05-23,0.0,-0.008049554786906388,0.0,0.0,-0.038972985720592934,-0.038972985720592934
2018-05-30,10925.21,10925.21,10799.75,10821.17,2018-05-30,0.0,-0.009522929078708664,0.0,0.0,-0.0484959147993016,-0.0484959147993016
2018-06-06,11111.14,11207.15,11111.14,11201.83,2018-06-06,0.0,0.008162078778595205,0.0,0.0,-0.04033383602070639,-0.04033383602070639
2018-06-13,11153.2,11188.01,11119.24,11173.21,2018-06-13,0.0,0.001794103934296798,0.0,0.0,-0.038539732086409595,-0.038539732086409595
2018-06-20,10904.8,10969.2,10842.56,10927.44,2018-06-20,0.0,0.002076149952314754,0.0,0.0,-0.03646358213409484,-0.03646358213409484
2018-06-27,10766.88,10800.34,10701.03,10701.03,2018-06-27,0.0,-0.006115977887744539,0.0,0.0,-0.04257956002183938,-0.04257956002183938
2018-07-04,10714.25,10752.05,10680.44,10721.87,2018-07-04,0.0,0.0007112023706745685,0.0,0.0,-0.04186835765116481,-0.04186835765116481
2018-07-11,10693.64,10693.64,10635.03,10676.84,2018-07-11,0.0,-0.0015710272648040702,0.0,0.0,-0.04343938491596888,-0.04343938491596888
2018-07-18,10811.43,10872.74,10788.37,10842.46,2018-07-18,0.0,0.002870110614414445,0.0,0.0,-0.04056927430155444,-0.04056927430155444
2018-07-25,10957.66,10992.29,10956.0,10965.79,2018-07-25,0.0,0.0007419467295024518,0.0,0.0,-0.039827327572051985,-0.039827327572051985
2018-08-01,11062.36,11100.02,11058.28,11098.13,2018-08-01,0.0,0.0032334872486521338,0.0,0.0,-0.03659384032339985,-0.03659384032339985
2018-08-08,11026.07,11095.5,11026.07,11075.25,2018-08-08,0.0,0.00446033808963664,0.0,0.0,-0.03213350223376321,-0.03213350223376321
2018-08-15,10827.28,10827.28,10688.59,10716.75,2018-08-15,0.0,-0.010208473411604801,0.0,0.0,-0.04234197564536801,-0.04234197564536801
2018-08-22,10790.24,10828.21,10774.69,10804.2,2018-08-22,0.0,0.0012937617698958181,0.0,0.0,-0.041048213875472195,-0.041048213875472195
2018-08-29,11029.12,11099.57,11029.11,11099.57,2018-08-29,0.0,0.006387635640921374,0.0,0.0,-0.03466057823455082,-0.03466057823455082
2018-09-05,11042.41,11058.06,10989.93,10995.13,2018-09-05,0.0,-0.0042816740186246705,0.0,0.0,-0.03894225225317549,-0.03894225225317549
2018-09-12,10762.91,10779.93,10667.25,10722.57,2018-09-12,0.0,-0.003748056984588799,0.0,0.0,-0.04269030923776429,-0.04269030923776429
2018-09-19,10808.5,10882.75,10808.5,10857.27,2018-09-19,0.0,0.004512189480501583,0.0,0.0,-0.03817811975726271,-0.03817811975726271
2018-09-26,10974.08,11007.35,10947.29,10974.19,2018-09-26,0.0,1.0023619292143238e-05,0.0,0.0,-0.038168096137970564,-0.038168096137970564
2018-10-03,10918.74,10926.73,10839.46,10863.94,2018-10-03,0.0,-0.00501889412148282,0.0,0.0,-0.043186990259453384,-0.043186990259453384
2018-10-11,10272.04,10272.04,9797.93,9806.11,2018-10-11,0.0,-0.04535905234013893,0.0,0.0,-0.08854604259959231,-0.08854604259959231
2018-10-17,10048.43,10127.01,9978.25,9979.14,2018-10-17,0.0,-0.006895604586985349,0.0,0.0,-0.09544164718657766,-0.09544164718657766
2018-10-24,9774.29,9809.19,9667.85,9759.4,2018-10-24,0.0,-0.0015233843071978947,0.0,0.0,-0.09696503149377556,-0.09696503149377556
2018-10-31,9588.86,9802.13,9588.86,9802.13,2018-10-31,0.0,0.02224143433108816,0.0,0.0,-0.0747235971626874,-0.0747235971626874
2018-11-07,9818.15,9912.53,9817.95,9908.35,2018-11-07,0.0,0.009187066809938749,0.0,0.0,-0.06553653035274865,-0.06553653035274865
2018-11-14,9799.69,9823.25,9763.89,9791.88,2018-11-14,0.0,-0.000796963985595589,0.0,0.0,-0.06633349433834423,-0.06633349433834423
2018-11-21,9698.52,9753.69,9632.47,9741.52,2018-11-21,0.0,0.0044336661676214195,0.0,0.0,-0.061899828170722815,-0.061899828170722815
2018-11-28,9774.03,9890.89,9767.14,9884.31,2018-11-28,0.0,0.011282961071328756,0.0,0.0,-0.05061686709939406,-0.05061686709939406
2018-12-05,9971.98,9971.98,9895.29,9916.74,2018-12-05,0.0,-0.005539521739915232,0.0,0.0,-0.05615638883930929,-0.05615638883930929
2018-12-12,9741.45,9835.56,9741.45,9816.45,2018-12-12,0.0,0.007699059174968825,0.0,0.0,-0.048457329664340465,-0.048457329664340465
2018-12-19,9720.92,9783.21,9720.92,9783.21,2018-12-19,0.0,0.00640782971159104,0.0,0.0,-0.042049499952749425,-0.042049499952749425
2018-12-26,9544.87,9591.91,9473.3,9478.99,2018-12-26,0.0,-0.006902136959434868,0.0,0.0,-0.04895163691218429,-0.04895163691218429
2019-01-02,9725.27,9737.68,9542.52,9554.14,2019-01-02,0.0,-0.017596426628772366,0.0,0.0,-0.06654806354095666,-0.06654806354095666
2019-01-09,9584.63,9741.64,9584.63,9738.31,2019-01-09,0.0,0.016034004442529337,0.0,0.0,-0.05051405909842732,-0.05051405909842732
2019-01-16,9781.35,9803.99,9763.81,9763.81,2019-01-16,0.0,-0.0017932085039387147,0.0,0.0,-0.05230726760236604,-0.05230726760236604
2019-01-23,9869.54,9873.39,9828.03,9846.4,2019-01-23,0.0,-0.0023445874883734064,0.0,0.0,-0.05465185509073944,-0.05465185509073944
2019-01-30,9915.97,9959.03,9909.81,9932.26,2019-01-30,0.0,0.0016428044860967717,0.0,0.0,-0.05300905060464267,-0.05300905060464267
2019-02-20,10181.94,10272.46,10181.94,10272.46,2019-02-20,0.0,0.008890250777356723,0.0,0.0,-0.04411879982728595,-0.04411879982728595
2019-02-27,10385.81,10403.05,10343.56,10389.17,2019-02-27,0.0,0.0003235183389644902,0.0,0.0,-0.04379528148832146,-0.04379528148832146
2019-03-06,10328.18,10359.12,10327.9,10357.15,2019-03-06,0.0,0.0028049472414306553,0.0,0.0,-0.0409903342468908,-0.0409903342468908
2019-03-13,10331.27,10373.32,10331.27,10373.32,2019-03-13,0.0,0.0040701675592642594,0.0,0.0,-0.03692016668762654,-0.03692016668762654
2019-03-20,10529.3,10556.81,10506.96,10551.56,2019-03-20,0.0,0.0021141006524649786,0.0,0.0,-0.034806066035161565,-0.034806066035161565
2019-03-27,10542.68,10556.75,10515.86,10542.7,2019-03-27,0.0,1.8970508448568069e-06,0.0,0.0,-0.03480416898431671,-0.03480416898431671
2019-04-03,10725.17,10741.56,10690.23,10704.38,2019-04-03,0.0,-0.0019384308127518013,0.0,0.0,-0.03674259979706851,-0.03674259979706851
2019-04-10,10839.93,10875.65,10815.61,10868.14,2019-04-10,0.0,0.0026024153292500962,0.0,0.0,-0.03414018446781841,-0.03414018446781841
2019-04-17,10961.61,11016.92,10961.61,10997.26,2019-04-17,0.0,0.003252259476481889,0.0,0.0,-0.030887924991336524,-0.030887924991336524
2019-04-24,11054.02,11070.85,10995.83,11027.64,2019-04-24,0.0,-0.002386462119663313,0.0,0.0,-0.03327438711099984,-0.03327438711099984
2019-05-02,10992.76,11046.64,10988.7,11004.49,2019-05-02,0.0,0.0010670659597771248,0.0,0.0,-0.03220732115122271,-0.03220732115122271
2019-05-08,10938.47,10946.82,10867.06,10923.71,2019-05-08,0.0,-0.0013493660447941869,0.0,0.0,-0.0335566871960169,-0.0335566871960169
2019-05-15,10535.24,10612.5,10535.24,10560.71,2019-05-15,0.0,0.0024176003584159833,0.0,0.0,-0.031139086837600916,-0.031139086837600916
2019-05-22,10481.1,10520.62,10453.5,10457.22,2019-05-22,0.0,-0.002278386810544819,0.0,0.0,-0.033417473648145735,-0.033417473648145735
2019-05-29,10277.35,10307.75,10227.44,10301.78,2019-05-29,0.0,0.0023770719105606908,0.0,0.0,-0.031040401737585044,-0.031040401737585044
2019-06-05,10497.5,10541.29,10446.51,10461.62,2019-06-05,0.0,-0.003417956656346699,0.0,0.0,-0.03445835839393174,-0.03445835839393174
2019-06-12,10605.75,10630.69,10566.37,10615.66,2019-06-12,0.0,0.000934398793107416,0.0,0.0,-0.03352395960082433,-0.03352395960082433
2019-06-19,10650.48,10778.64,10650.48,10775.34,2019-06-19,0.0,0.011723415282691496,0.0,0.0,-0.02180054431813283,-0.02180054431813283
2019-06-26,10661.39,10690.98,10645.37,10652.55,2019-06-26,0.0,-0.0008291601751742039,0.0,0.0,-0.022629704493307035,-0.022629704493307035
2019-07-03,10793.1,10812.65,10720.66,10743.77,2019-07-03,0.0,-0.004570512642336322,0.0,0.0,-0.027200217135643356,-0.027200217135643356
2019-07-10,10723.23,10810.16,10723.23,10798.48,2019-07-10,0.0,0.007017475145082219,0.0,0.0,-0.020182741990561137,-0.020182741990561137
2019-07-17,10861.11,10861.11,10804.34,10828.48,2019-07-17,0.0,-0.0030042969825369026,0.0,0.0,-0.02318703897309804,-0.02318703897309804
2019-07-24,10969.74,10976.46,10912.92,10935.76,2019-07-24,0.0,-0.003097612158537877,0.0,0.0,-0.026284651131635917,-0.026284651131635917
2019-07-31,10824.15,10835.8,10754.07,10823.81,2019-07-31,0.0,-3.141124245320537e-05,0.0,0.0,-0.026316062374089122,-0.026316062374089122
2019-08-07,10422.89,10461.37,10366.54,10386.18,2019-08-07,0.0,-0.0035220557829929167,0.0,0.0,-0.02983811815708204,-0.02983811815708204
2019-08-14,10444.5,10518.02,10427.73,10427.73,2019-08-14,0.0,-0.001605629757288618,0.0,0.0,-0.03144374791437066,-0.03144374791437066
2019-08-21,10526.87,10545.25,10504.49,10525.8,2019-08-21,0.0,-0.00010164464840944909,0.0,0.0,-0.031545392562780106,-0.031545392562780106
2019-08-28,10397.6,10456.3,10397.6,10434.29,2019-08-28,0.0,0.0035286989305225447,0.0,0.0,-0.02801669363225756,-0.02801669363225756
2019-09-04,10566.32,10670.43,10566.32,10657.31,2019-09-04,0.0,0.008611323526071413,0.0,0.0,-0.01940537010618615,-0.01940537010618615
2019-09-11,10787.65,10815.59,10746.87,10790.35,2019-09-11,0.0,0.00025028620691269765,0.0,0.0,-0.01915508389927345,-0.01915508389927345
2019-09-18,10887.42,10971.54,10878.34,10929.45,2019-09-18,0.0,0.0038604187217909924,0.0,0.0,-0.015294665177482458,-0.015294665177482458
2019-09-25,10885.67,10885.67,10825.85,10873.69,2019-09-25,0.0,-0.0011005294116025466,0.0,0.0,-0.016395194589085005,-0.016395194589085005
2019-10-02,10945.92,10965.2,10927.39,10947.88,2019-10-02,0.0,0.00017906215283858273,0.0,0.0,-0.016216132436246422,-0.016216132436246422
2019-10-09,10976.93,10989.39,10889.96,10889.96,2019-10-09,0.0,-0.007922980286838022,0.0,0.0,-0.024139112723084444,-0.024139112723084444
2019-10-16,11166.17,11180.11,11113.18,11162.83,2019-10-16,0.0,-0.0002991177816565882,0.0,0.0,-0.024438230504741032,-0.024438230504741032
2019-10-23,11266.18,11281.12,11209.1,11239.67,2019-10-23,0.0,-0.002353060220944503,0.0,0.0,-0.026791290725685535,-0.026791290725685535
2019-10-30,11336.97,11380.28,11306.95,11380.28,2019-10-30,0.0,0.0038202447391146865,0.0,0.0,-0.02297104598657085,-0.02297104598657085
2019-11-06,11645.08,11668.2,11601.7,11653.07,2019-11-06,0.0,0.0006861266732387516,0.0,0.0,-0.022284919313332097,-0.022284919313332097
2019-11-13,11483.24,11509.37,11439.09,11467.83,2019-11-13,0.0,-0.0013419557546476835,0.0,0.0,-0.02362687506797978,-0.02362687506797978
2019-11-20,11645.73,11649.07,11591.73,11631.2,2019-11-20,0.0,-0.0012476676000559017,0.0,0.0,-0.024874542668035682,-0.024874542668035682
2019-11-27,11590.81,11651.73,11590.81,11647.46,2019-11-27,0.0,0.004887492763663515,0.0,0.0,-0.019987049904372167,-0.019987049904372167
2019-12-04,11511.82,11513.83,11457.43,11510.47,2019-12-04,0.0,-0.00011727077039080935,0.0,0.0,-0.020104320674762977,-0.020104320674762977
2019-12-11,11635.07,11700.77,11622.58,11700.77,2019-12-11,0.0,0.005646721506617602,0.0,0.0,-0.014457599168145374,-0.014457599168145374
2019-12-18,12061.1,12125.9,12059.92,12122.45,2019-12-18,0.0,0.005086600724643731,0.0,0.0,-0.009370998443501644,-0.009370998443501644
2019-12-25,11978.94,12032.37,11973.95,12008.13,2019-12-25,0.0,0.002436776542832586,0.0,0.0,-0.0069342219006690575,-0.0069342219006690575
2020-01-02,12026.5,12110.74,12026.23,12100.48,2020-01-02,0.0,0.006151415623830703,0.0,0.0,-0.0007828062768383548,-0.0007828062768383548
2020-01-08,11818.76,11899.67,11777.45,11817.1,2020-01-08,0.0,-0.00014045466698708875,0.0,0.0,-0.0009232609438254435,-0.0009232609438254435
2020-01-15,12169.92,12169.92,12048.01,12091.88,2020-01-15,0.0,-0.006412531881885952,0.0,0.0,-0.007335792825711396,-0.007335792825711396
2020-01-30,11933.23,11933.23,11418.22,11421.74,2020-01-30,0.0,-0.042862661659919365,0.0,0.0,-0.05019845448563076,-0.05019845448563076
2020-02-05,11601.55,11620.42,11512.71,11573.62,2020-02-05,0.0,-0.002407436937305607,0.0,0.0,-0.05260589142293637,-0.05260589142293637
2020-02-12,11693.4,11801.52,11693.4,11774.19,2020-02-12,0.0,0.006909025604187047,0.0,0.0,-0.04569686581874932,-0.04569686581874932
2020-02-19,11655.37,11783.43,11654.16,11758.84,2020-02-19,0.0,0.008877453053828255,0.0,0.0,-0.03681941276492107,-0.03681941276492107
2020-02-26,11468.6,11494.22,11408.06,11433.62,2020-02-26,0.0,-0.0030500671398426826,0.0,0.0,-0.03986947990476375,-0.03986947990476375
2020-03-04,11368.25,11392.35,11297.81,11392.35,2020-03-04,0.0,0.002119939304642271,0.0,0.0,-0.03774954060012148,-0.03774954060012148
2020-03-11,11022.82,11088.23,10885.91,10893.75,2020-03-11,0.0,-0.011709344795614918,0.0,0.0,-0.049458885395736396,-0.049458885395736396
2020-03-18,9453.98,9509.61,9218.67,9218.67,2020-03-18,0.0,-0.02489004630853875,0.0,0.0,-0.07434893170427515,-0.07434893170427515
2020-03-25,9426.43,9722.37,9426.43,9644.75,2020-03-25,0.0,0.02316041173593808,0.0,0.0,-0.051188519968337065,-0.051188519968337065
2020-04-01,9726.2,9736.0,9663.63,9663.63,2020-04-01,0.0,-0.0064331393555552285,0.0,0.0,-0.057621659323892294,-0.057621659323892294
2020-04-08,10010.64,10149.76,9984.66,10137.47,2020-04-08,0.0,0.012669519631112403,0.0,0.0,-0.04495213969277989,-0.04495213969277989
2020-04-15,10366.77,10461.84,10366.77,10447.21,2020-04-15,0.0,0.0077594081859633235,0.0,0.0,-0.03719273150681657,-0.03719273150681657
2020-04-22,10256.11,10310.85,10140.09,10307.74,2020-04-22,0.0,0.005034072372468668,0.0,0.0,-0.0321586591343479,-0.0321586591343479
2020-04-29,10656.4,10794.83,10656.4,10772.22,2020-04-29,0.0,0.010868586014038506,0.0,0.0,-0.021290073120309394,-0.021290073120309394
2020-05-06,10771.09,10828.73,10708.1,10774.98,2020-05-06,0.0,0.00036115193541230717,0.0,0.0,-0.020928921184897087,-0.020928921184897087
2020-05-13,10861.01,10938.27,10828.93,10938.27,2020-05-13,0.0,0.007113518908462568,0.0,0.0,-0.013815402276434519,-0.013815402276434519
2020-05-20,10892.76,10933.98,10860.15,10907.8,2020-05-20,0.0,0.0013807336249029856,0.0,0.0,-0.012434668651531533,-0.012434668651531533
2020-05-27,11023.93,11069.72,10972.25,11014.66,2020-05-27,0.0,-0.000840897937486984,0.0,0.0,-0.013275566589018517,-0.013275566589018517
2020-06-03,11182.52,11330.52,11182.52,11320.16,2020-06-03,0.0,0.012308495759453031,0.0,0.0,-0.0009670708295654862,-0.0009670708295654862
2020-06-10,11635.99,11740.9,11621.02,11720.16,2020-06-10,0.0,0.007233591641106596,0.0,0.0,0.00626652081154111,0.00626652081154111
2020-06-17,11525.5,11550.32,11482.32,11534.59,2020-06-17,0.0,0.0007886859572252547,0.0,0.0,0.007055206768766364,0.007055206768766364
2020-06-24,11647.86,11701.23,11637.79,11660.67,2020-06-24,0.0,0.0010997728338080215,0.0,0.0,0.008154979602574386,0.008154979602574386
2020-07-01,11622.64,11736.39,11622.64,11703.42,2020-07-01,0.0,0.0069502281753544,0.0,0.0,0.015105207777928786,0.015105207777928786
2020-07-08,12086.13,12190.27,12083.84,12170.19,2020-07-08,0.0,0.006955079913917972,0.0,0.0,0.02206028769184676,0.02206028769184676
2020-07-15,12233.99,12320.48,12162.52,12202.85,2020-07-15,0.0,-0.00254536745575229,0.0,0.0,0.01951492023609447,0.01951492023609447
2020-07-22,12389.76,12486.95,12389.4,12473.27,2020-07-22,0.0,0.006740243555968917,0.0,0.0,0.026255163792063385,0.026255163792063385
2020-07-29,12530.74,12660.87,12488.01,12540.97,2020-07-29,0.0,0.0008163923279869145,0.0,0.0,0.0270715561200503,0.0270715561200503
2020-08-05,12762.34,12816.39,12739.99,12802.3,2020-08-05,0.0,0.003131087245755726,0.0,0.0,0.030202643365806026,0.030202643365806026
2020-08-12,12713.63,12730.96,12625.54,12670.35,2020-08-12,0.0,-0.0034042205097992717,0.0,0.0,0.026798422856006754,0.026798422856006754
2020-08-19,12904.84,12950.11,12778.64,12778.64,2020-08-19,0.0,-0.00977927661249578,0.0,0.0,0.017019146243510974,0.017019146243510974
2020-08-26,12768.96,12833.29,12734.69,12833.29,2020-08-26,0.0,0.005037998396110632,0.0,0.0,0.022057144639621606,0.022057144639621606
2020-09-02,12772.43,12802.61,12646.47,12699.5,2020-09-02,0.0,-0.005709954957670571,0.0,0.0,0.016347189681951035,0.016347189681951035
2020-09-09,12592.18,12616.57,12480.5,12608.58,2020-09-09,0.0,0.0013023956137856452,0.0,0.0,0.01764958529573668,0.01764958529573668
2020-09-16,12989.81,13021.68,12948.72,12976.76,2020-09-16,0.0,-0.0010046336320546079,0.0,0.0,0.016644951663682073,0.016644951663682073
2020-09-23,12656.3,12700.89,12548.07,12583.88,2020-09-23,0.0,-0.005722051468438627,0.0,0.0,0.010922900195243446,0.010922900195243446
2020-09-30,12483.65,12568.68,12466.58,12515.61,2020-09-30,0.0,0.0025601486744661894,0.0,0.0,0.013483048869709635,0.013483048869709635
2020-10-07,12667.51,12774.36,12619.81,12746.37,2020-10-07,0.0,0.00622537499477005,0.0,0.0,0.019708423864479685,0.019708423864479685
2020-10-14,12927.09,12960.0,12895.79,12919.31,2020-10-14,0.0,-0.0006018369176667981,0.0,0.0,0.019106586946812887,0.019106586946812887
2020-10-21,12889.88,12942.12,12846.42,12877.25,2020-10-21,0.0,-0.0009798384469055232,0.0,0.0,0.018126748499907364,0.018126748499907364
2020-10-28,12853.76,12879.98,12761.33,12793.75,2020-10-28,0.0,-0.004668672824138631,0.0,0.0,0.013458075675768733,0.013458075675768733
2020-11-04,12766.86,12885.28,12736.02,12867.9,2020-11-04,0.0,0.007914240463199107,0.0,0.0,0.02137231613896784,0.02137231613896784
2020-11-11,13067.04,13262.19,13067.04,13262.19,2020-11-11,0.0,0.014934522278955198,0.0,0.0,0.03630683841792304,0.03630683841792304
2020-11-18,13628.42,13773.29,13608.72,13773.29,2020-11-18,0.0,0.01062999232486228,0.0,0.0,0.04693683074278532,0.04693683074278532
2020-11-25,13860.95,13893.2,13731.81,13738.83,2020-11-25,0.0,-0.008810362926062076,0.0,0.0,0.03812646781672324,0.03812646781672324
2020-12-02,13970.51,13995.7,13894.7,13989.14,2020-12-02,0.0,0.001333523257203817,0.0,0.0,0.03945999107392706,0.03945999107392706
2020-12-09,14336.69,14427.41,14336.69,14390.14,2020-12-09,0.0,0.0037281966758015983,0.0,0.0,0.04318818774972866,0.04318818774972866
2020-12-16,14145.24,14339.5,14145.24,14304.46,2020-12-16,0.0,0.011256083318487375,0.0,0.0,0.05444427106821603,0.05444427106821603
2020-12-23,14180.7,14247.79,14134.87,14223.09,2020-12-23,0.0,0.0029892741543082746,0.0,0.0,0.05743354522252431,0.05743354522252431
2020-12-30,14485.97,14695.44,14476.69,14687.7,2020-12-30,0.0,0.013925888290532207,0.0,0.0,0.07135943351305651,0.07135943351305651
2021-01-06,15145.85,15197.68,14837.0,14983.13,2021-01-06,0.0,-0.010743537008487514,0.0,0.0,0.060615896504569,0.060615896504569
2021-01-13,15550.16,15778.52,15550.16,15769.98,2021-01-13,0.0,0.014136188952396544,0.0,0.0,0.07475208545696554,0.07475208545696554
2021-01-20,15934.85,16004.32,15745.48,15806.18,2021-01-20,0.0,-0.008074754390533956,0.0,0.0,0.06667733106643159,0.06667733106643159
2021-01-27,15711.76,15837.47,15642.12,15701.45,2021-01-27,0.0,-0.0006561963777450552,0.0,0.0,0.06602113468868653,0.06602113468868653
2021-02-03,15828.64,15896.4,15741.16,15771.32,2021-02-03,0.0,-0.003621283951116494,0.0,0.0,0.06239985073757004,0.06239985073757004
2021-02-17,16197.45,16406.78,16197.45,16362.29,2021-02-17,0.0,0.010176910563082453,0.0,0.0,0.07257676130065249,0.07257676130065249
2021-02-24,16329.54,16456.94,16212.53,16212.53,2021-02-24,0.0,-0.007165541711524059,0.0,0.0,0.06541121958912843,0.06541121958912843
2021-03-03,15992.32,16211.73,15884.55,16211.73,2021-03-03,0.0,0.013719710461021384,0.0,0.0,0.07913093005014982,0.07913093005014982
2021-03-10,15921.45,15986.07,15857.32,15911.67,2021-03-10,0.0,-0.0006142656604769536,0.0,0.0,0.07851666438967286,0.07851666438967286
2021-03-17,16312.98,16349.21,16166.35,16215.82,2021-03-17,0.0,-0.005955993325560405,0.0,0.0,0.07256067106411246,0.07256067106411246
2021-03-24,15994.96,16125.54,15967.95,16032.12,2021-03-24,0.0,0.002323231818022853,0.0,0.0,0.07488390288213531,0.07488390288213531
2021-03-31,16529.23,16550.2,16427.2,16431.13,2021-03-31,0.0,-0.0059349407080667715,0.0,0.0,0.06894896217406854,0.06894896217406854
2021-04-07,16771.35,16816.34,16715.32,16815.36,2021-04-07,0.0,0.002624117915373647,0.0,0.0,0.07157308008944219,0.07157308008944219
2021-04-14,16869.78,16935.39,16559.57,16865.97,2021-04-14,0.0,-0.00022584763998090285,0.0,0.0,0.07134723244946128,0.07134723244946128
2021-04-21,17282.76,17282.76,17167.39,17202.11,2021-04-21,0.0,-0.0046665000266159495,0.0,0.0,0.06668073242284533,0.06668073242284533
2021-04-28,17610.72,17628.81,17497.74,17567.53,2021-04-28,0.0,-0.0024524834873306256,0.0,0.0,0.06422824893551471,0.06422824893551471
2021-05-05,16968.75,17052.2,16843.44,16843.44,2021-05-05,0.0,-0.007384751381215526,0.0,0.0,0.05684349755429918,0.05684349755429918
2021-05-12,16515.88,16552.63,15165.27,15902.37,2021-05-12,0.0,-0.03714667338343458,0.0,0.0,0.019696824170864602,0.019696824170864602
2021-05-19,16112.21,16273.98,16009.76,16132.66,2021-05-19,0.0,0.0012692237750129287,0.0,0.0,0.02096604794587753,0.02096604794587753
2021-05-26,16645.17,16706.29,16523.23,16643.69,2021-05-26,0.0,-8.891468215699305e-05,0.0,0.0,0.020877133263720538,0.020877133263720538
2021-06-02,17192.91,17274.66,17056.42,17165.04,2021-06-02,0.0,-0.0016210170355105413,0.0,0.0,0.019256116228209996,0.019256116228209996
2021-06-09,17082.52,17082.52,16907.43,16966.22,2021-06-09,0.0,-0.00680812901141048,0.0,0.0,0.012447987216799516,0.012447987216799516
2021-06-16,17357.37,17398.22,17275.02,17307.86,2021-06-16,0.0,-0.0028523906559575485,0.0,0.0,0.009595596560841968,0.009595596560841968
2021-06-23,17127.59,17375.79,17127.59,17336.71,2021-06-23,0.0,0.012209540279747522,0.0,0.0,0.02180513684058949,0.02180513684058949
2021-06-30,17648.25,17797.27,17648.25,17755.46,2021-06-30,0.0,0.006074823282761654,0.0,0.0,0.027879960123351144,0.027879960123351144
2021-07-07,17901.25,17933.62,17756.82,17850.69,2021-07-07,0.0,-0.00282438377208305,0.0,0.0,0.025055576351268094,0.025055576351268094
2021-07-14,17892.51,17940.86,17716.44,17845.75,2021-07-14,0.0,-0.002613384036113331,0.0,0.0,0.022442192315154763,0.022442192315154763
2021-07-21,17593.6,17707.56,17352.24,17458.79,2021-07-21,0.0,-0.007662445434703402,0.0,0.0,0.014779746880451361,0.014779746880451361
2021-07-28,17252.87,17252.87,16893.7,17135.22,2021-07-28,0.0,-0.0068191553057548315,0.0,0.0,0.00796059157469653,0.00796059157469653
2021-08-04,17588.64,17636.11,17557.18,17623.89,2021-08-04,0.0,0.0020041344868051425,0.0,0.0,0.009964726061501672,0.009964726061501672
2021-08-11,17308.62,17327.2,17090.25,17227.18,2021-08-11,0.0,-0.00470517002510884,0.0,0.0,0.005259556036392832,0.005259556036392832
2021-08-18,16630.99,16826.27,16418.54,16826.27,2021-08-18,0.0,0.011741934785602037,0.0,0.0,0.01700149082199487,0.01700149082199487
2021-08-25,16821.08,17045.86,16821.08,17045.86,2021-08-25,0.0,0.013362994528294259,0.0,0.0,0.030364485350289128,0.030364485350289128
2021-09-01,17463.8,17503.93,17415.52,17473.99,2021-09-01,0.0,0.0005834927106358467,0.0,0.0,0.030947978060924974,0.030947978060924974
2021-09-08,17411.53,17447.58,17167.08,17270.49,2021-09-08,0.0,-0.008100379461195906,0.0,0.0,0.02284759859972907,0.02284759859972907
2021-09-15,17434.02,17439.75,17316.52,17354.0,2021-09-15,0.0,-0.004589876574651153,0.0,0.0,0.018257722025077916,0.018257722025077916
2021-09-22,17196.79,17196.79,16838.58,16925.82,2021-09-22,0.0,-0.015757010465325294,0.0,0.0,0.002500711559752622,0.002500711559752622
2021-09-29,17127.86,17127.86,16801.78,16855.46,2021-09-29,0.0,-0.01590391327346219,0.0,0.0,-0.013403201713709567,-0.013403201713709567
2021-10-06,16488.21,16568.21,16303.63,16393.16,2021-10-06,0.0,-0.005764725218807776,0.0,0.0,-0.019167926932517343,-0.019167926932517343
2021-10-13,16480.98,16543.33,16328.47,16347.99,2021-10-13,0.0,-0.008069301704146215,0.0,0.0,-0.027237228636663557,-0.027237228636663557
2021-10-20,16936.2,16973.86,16855.81,16887.82,2021-10-20,0.0,-0.0028566030160248612,0.0,0.0,-0.03009383165268842,-0.03009383165268842
2021-10-27,17037.37,17079.6,16973.16,17074.55,2021-10-27,0.0,0.0021822616988420585,0.0,0.0,-0.02791156995384636,-0.02791156995384636
2021-11-03,17087.89,17153.76,17080.51,17122.16,2021-11-03,0.0,0.0020055138463555,0.0,0.0,-0.02590605610749086,-0.02590605610749086
2021-11-10,17549.09,17575.44,17489.87,17559.65,2021-11-10,0.0,0.0006017406030740524,0.0,0.0,-0.025304315504416808,-0.025304315504416808
2021-11-17,17705.29,17764.04,17669.58,17764.04,2021-11-17,0.0,0.0033182173237489287,0.0,0.0,-0.02198609818066788,-0.02198609818066788
2021-11-24,17680.16,17722.89,17588.78,17642.52,2021-11-24,0.0,-0.002128940009592628,0.0,0.0,-0.024115038190260507,-0.024115038190260507
2021-12-01,17428.61,17626.21,17374.59,17585.99,2021-12-01,0.0,0.009029980015618166,0.0,0.0,-0.01508505817464234,-0.01508505817464234
2021-12-08,17845.06,17988.88,17832.42,17832.42,2021-12-08,0.0,-0.0007083192771558666,0.0,0.0,-0.015793377451798207,-0.015793377451798207
2021-12-15,17592.87,17678.78,17556.87,17660.1,2021-12-15,0.0,0.003821434478854302,0.0,0.0,-0.011971942972943905,-0.011971942972943905
2021-12-22,17805.74,17870.16,17799.72,17826.83,2021-12-22,0.0,0.0011844495089785578,0.0,0.0,-0.010787493463965347,-0.010787493463965347
2021-12-29,18209.14,18283.25,18192.86,18248.28,2021-12-29,0.0,0.00214946999144372,0.0,0.0,-0.008638023472521628,-0.008638023472521628
2022-01-05,18598.13,18619.61,18446.52,18499.96,2022-01-05,0.0,-0.005278487675911658,0.0,0.0,-0.013916511148433286,-0.013916511148433286
2022-01-12,18348.39,18394.7,18255.38,18375.4,2022-01-12,0.0,0.0014720637614527021,0.0,0.0,-0.012444447386980584,-0.012444447386980584
2022-01-19,18275.18,18359.14,18199.35,18227.46,2022-01-19,0.0,-0.002611191791271117,0.0,0.0,-0.0150556391782517,-0.0150556391782517
2022-01-26,17657.97,17776.42,17633.03,17674.4,2022-01-26,0.0,0.0009304580311326749,0.0,0.0,-0.014125181147119026,-0.014125181147119026
2022-02-16,18109.17,18233.79,18109.17,18231.47,2022-02-16,0.0,0.006753484560584555,0.0,0.0,-0.007371696586534471,-0.007371696586534471
2022-02-23,17954.75,18109.28,17954.75,18055.73,2022-02-23,0.0,0.005624138459182193,0.0,0.0,-0.0017475581273522778,-0.0017475581273522778
2022-03-02,17864.11,17918.98,17784.64,17867.6,2022-03-02,0.0,0.00019536377686879547,0.0,0.0,-0.0015521943504834823,-0.0015521943504834823
2022-03-09,16944.08,17072.74,16944.08,17015.36,2022-03-09,0.0,0.004206779004820582,0.0,0.0,0.0026545846543371,0.0026545846543371
2022-03-16,17007.58,17085.77,16808.43,16940.83,2022-03-16,0.0,-0.003924720624568612,0.0,0.0,-0.0012701359702315118,-0.0012701359702315118
2022-03-23,17581.62,17738.69,17581.62,17731.37,2022-03-23,0.0,0.008517417621356937,0.0,0.0,0.007247281651125426,0.007247281651125426
2022-03-30,17572.9,17770.07,17572.9,17740.56,2022-03-30,0.0,0.009540827068952762,0.0,0.0,0.016788108720078188,0.016788108720078188
2022-04-06,17484.19,17528.99,17381.07,17522.5,2022-04-06,0.0,0.0021911223797042023,0.0,0.0,0.01897923109978239,0.01897923109978239
2022-04-13,17080.4,17333.21,17080.4,17301.65,2022-04-13,0.0,0.012953443713261903,0.0,0.0,0.03193267481304429,0.03193267481304429
2022-04-20,17057.13,17148.88,16983.55,17148.88,2022-04-20,0.0,0.005378982278964939,0.0,0.0,0.03731165709200923,0.03731165709200923
2022-04-27,16427.32,16427.32,16219.41,16303.35,2022-04-27,0.0,-0.007546574852136501,0.0,0.0,0.02976508223987273,0.02976508223987273
2022-05-04,16531.37,16617.06,16514.3,16565.83,2022-05-04,0.0,0.0020845217305041075,0.0,0.0,0.03184960397037684,0.03184960397037684
2022-05-11,16053.75,16081.15,15953.27,16006.25,2022-05-11,0.0,-0.0029588102468270927,0.0,0.0,0.028890793723549746,0.028890793723549746
2022-05-18,16174.78,16316.58,16172.8,16296.86,2022-05-18,0.0,0.007547552424206128,0.0,0.0,0.03643834614775587,0.03643834614775587
2022-05-25,15987.74,16169.18,15980.9,16104.03,2022-05-25,0.0,0.007273698471453871,0.0,0.0,0.043712044619209744,0.043712044619209744
2022-06-01,16718.91,16811.04,16649.91,16675.09,2022-06-01,0.0,-0.002620984262730053,0.0,0.0,0.04109106035647969,0.04109106035647969
2022-06-08,16538.67,16702.99,16538.67,16670.51,2022-06-08,0.0,0.007971620450737626,0.0,0.0,0.04906268080721732,0.04906268080721732
2022-06-15,16025.84,16106.75,15981.56,15999.25,2022-06-15,0.0,-0.0016591953994299358,0.0,0.0,0.04740348540778738,0.04740348540778738
2022-06-22,15687.46,15687.46,15346.95,15347.75,2022-06-22,0.0,-0.021654875932751283,0.0,0.0,0.0257486094750361,0.0257486094750361
2022-06-29,15365.54,15365.54,15218.07,15240.13,2022-06-29,0.0,-0.00816176977834826,0.0,0.0,0.01758683969668784,0.01758683969668784
2022-07-06,14289.67,14319.32,13985.51,13985.51,2022-07-06,0.0,-0.02128530609874124,0.0,0.0,-0.003698466402053402,-0.003698466402053402
2022-07-13,14194.94,14403.51,14194.94,14324.68,2022-07-13,0.0,0.009139876603916575,0.0,0.0,0.005441410201863173,0.005441410201863173
2022-07-20,14810.4,14906.95,14694.2,14733.22,2022-07-20,0.0,-0.005211202938475656,0.0,0.0,0.0002302072633875163,0.0002302072633875163
2022-07-27,14791.71,14921.59,14717.02,14921.59,2022-07-27,0.0,0.008780593994879737,0.0,0.0,0.009010801258267254,0.009010801258267254
2022-08-03,14757.51,14777.02,14673.35,14777.02,2022-08-03,0.0,0.0013220387450185722,0.0,0.0,0.010332840003285826,0.010332840003285826
2022-08-10,14940.76,14982.33,14890.55,14939.02,2022-08-10,0.0,-0.00011645993911957309,0.0,0.0,0.010216380064166253,0.010216380064166253
2022-08-17,15423.44,15475.89,15390.84,15465.45,2022-08-17,0.0,0.002723776278184431,0.0,0.0,0.012940156342350684,0.012940156342350684
2022-08-24,15112.15,15183.96,15053.52,15069.19,2022-08-24,0.0,-0.0028427457377010468,0.0,0.0,0.010097410604649637,0.010097410604649637
2022-08-31,14912.12,15095.44,14874.33,15095.44,2022-08-31,0.0,0.01229335600840109,0.0,0.0,0.022390766613050728,0.022390766613050728
2022-09-07,14557.86,14557.86,14397.12,14410.05,2022-09-07,0.0,-0.010153278023006251,0.0,0.0,0.012237488590044476,0.012237488590044476
2022-09-14,14695.19,14699.78,14522.7,14658.31,2022-09-14,0.0,-0.0025096647270298478,0.0,0.0,0.009727823863014629,0.009727823863014629
2022-09-21,14517.34,14525.46,14384.11,14424.52,2022-09-21,0.0,-0.006393733287227477,0.0,0.0,0.003334090575787152,0.003334090575787152
2022-09-28,13816.7,13854.09,13466.07,13466.07,2022-09-28,0.0,-0.025377260850999228,0.0,0.0,-0.022043170275212076,-0.022043170275212076
2022-10-05,13727.3,13902.02,13727.3,13801.43,2022-10-05,0.0,0.00540018794664654,0.0,0.0,-0.016642982328565536,-0.016642982328565536
2022-10-12,13076.91,13130.73,12991.59,13081.24,2022-10-12,0.0,0.0003311179781768647,0.0,0.0,-0.016311864350388672,-0.016311864350388672
2022-10-19,13096.35,13155.62,12976.76,12976.76,2022-10-19,0.0,-0.00913155192095505,0.0,0.0,-0.025443416271343722,-0.025443416271343722
2022-10-26,12666.42,12791.97,12635.52,12729.05,2022-10-26,0.0,0.004944569973204693,0.0,0.0,-0.02049884629813903,-0.02049884629813903
2022-11-02,13033.15,13100.17,13014.04,13100.17,2022-11-02,0.0,0.0051422718222380315,0.0,0.0,-0.015356574475900997,-0.015356574475900997
2022-11-09,13410.19,13638.81,13410.19,13638.81,2022-11-09,0.0,0.017048229741711163,0.0,0.0,0.0016916552658101658,0.0016916552658101658
2022-11-16,14637.85,14657.66,14481.06,14537.35,2022-11-16,0.0,-0.006865762389968499,0.0,0.0,-0.005174107124158334,-0.005174107124158334
2022-11-23,14595.5,14647.98,14573.41,14608.54,2022-11-23,0.0,0.0008934260559763096,0.0,0.0,-0.004280681068182024,-0.004280681068182024
2022-11-30,14678.23,14879.55,14678.23,14879.55,2022-11-30,0.0,0.013715550171921276,0.0,0.0,0.009434869103739252,0.009434869103739252
2022-12-07,14708.08,14823.15,14630.01,14630.01,2022-12-07,0.0,-0.005307966777444717,0.0,0.0,0.004126902326294535,0.004126902326294535
2022-12-14,14557.56,14739.36,14557.56,14739.36,2022-12-14,0.0,0.012488356565248715,0.0,0.0,0.01661525889154325,0.01661525889154325
2022-12-21,14205.06,14291.98,14197.86,14234.4,2022-12-21,0.0,0.0020654611807342516,0.0,0.0,0.0186807200722775,0.0186807200722775
2022-12-28,14249.83,14249.83,14119.3,14173.1,2022-12-28,0.0,-0.005384625641147944,0.0,0.0,0.013296094431129557,0.013296094431129557
2023-01-04,14186.95,14257.45,14177.97,14199.13,2023-01-04,0.0,0.000858535485075862,0.0,0.0,0.014154629916205419,0.014154629916205419
2023-01-11,14822.86,14842.74,14734.44,14751.44,2023-01-11,0.0,-0.004818233458320442,0.0,0.0,0.009336396457884977,0.009336396457884977
2023-01-30,15291.53,15493.82,15291.53,15493.82,2023-01-30,0.0,0.013228892072931764,0.0,0.0,0.02256528853081674,0.02256528853081674
2023-02-08,15538.71,15631.22,15520.05,15618.17,2023-02-08,0.0,0.005113680607978566,0.0,0.0,0.027678969138795306,0.027678969138795306
2023-02-15,15497.67,15553.68,15388.85,15432.89,2023-02-15,0.0,-0.004179983184569025,0.0,0.0,0.02349898595422628,0.02349898595422628
2023-02-22,15541.17,15541.17,15345.93,15418.77,2023-02-22,0.0,-0.00787585490667686,0.0,0.0,0.015623131047549421,0.015623131047549421
2023-03-01,15435.38,15617.03,15387.38,15598.49,2023-03-01,0.0,0.010567281142414453,0.0,0.0,0.026190412189963874,0.026190412189963874
2023-03-08,15819.18,15821.49,15740.98,15818.2,2023-03-08,0.0,-6.195011372267523e-05,0.0,0.0,0.0261284620762412,0.0261284620762412
2023-03-15,15425.99,15526.73,15387.59,15387.59,2023-03-15,0.0,-0.002489305386558671,0.0,0.0,0.023639156689682528,0.023639156689682528
2023-03-22,15535.17,15760.46,15535.17,15760.46,2023-03-22,0.0,0.014501933355090424,0.0,0.0,0.03814109004477295,0.03814109004477295
2023-03-29,15766.29,15811.2,15681.1,15769.76,2023-03-29,0.0,0.00022008982455612447,0.0,0.0,0.038361179869329076,0.038361179869329076
2023-04-06,15838.07,15838.07,15733.29,15810.77,2023-04-06,0.0,-0.0017236948693875043,0.0,0.0,0.03663748499994157,0.03663748499994157
2023-04-12,15914.15,15944.32,15867.02,15932.97,2023-04-12,0.0,0.0011825953632458308,0.0,0.0,0.0378200803631874,0.0378200803631874
2023-04-19,15874.65,15915.39,15756.75,15770.47,2023-04-19,0.0,-0.006562664373702787,0.0,0.0,0.031257415989484616,0.031257415989484616
2023-04-26,15352.03,15398.4,15284.46,15374.63,2023-04-26,0.0,0.0014721180195713668,0.0,0.0,0.03272953400905598,0.03272953400905598
2023-05-03,15629.51,15629.51,15530.79,15553.41,2023-05-03,0.0,-0.00486899461339485,0.0,0.0,0.027860539395661132,0.027860539395661132
2023-05-10,15708.48,15711.39,15579.49,15641.76,2023-05-10,0.0,-0.004247387398398805,0.0,0.0,0.023613151997262327,0.023613151997262327
2023-05-17,15702.74,15961.97,15698.63,15925.29,2023-05-17,0.0,0.014172685786047579,0.0,0.0,0.037785837783309906,0.037785837783309906
2023-05-24,16186.62,16186.62,16070.16,16159.32,2023-05-24,0.0,-0.001686578173825115,0.0,0.0,0.03609925960948479,0.03609925960948479
2023-05-31,16593.53,16636.65,16491.9,16578.96,2023-05-31,0.0,-0.0008780530724926683,0.0,0.0,0.03522120653699212,0.03522120653699212
2023-06-07,16771.76,16922.48,16771.76,16922.48,2023-06-07,0.0,0.00898653450800646,0.0,0.0,0.04420774104499858,0.04420774104499858
2023-06-14,17190.7,17259.23,17182.18,17238.14,2023-06-14,0.0,0.0027596316613052174,0.0,0.0,0.0469673727063038,0.0469673727063038
2023-06-21,17186.72,17246.77,17131.45,17202.4,2023-06-21,0.0,0.000912332312390074,0.0,0.0,0.047879705018693874,0.047879705018693874
2023-06-28,16906.23,17011.12,16903.71,16935.63,2023-06-28,0.0,0.0017390039056608408,0.0,0.0,0.049618708924354715,0.049618708924354715
2023-07-05,17130.26,17153.17,17020.01,17056.43,2023-07-05,0.0,-0.004309917070727365,0.0,0.0,0.04530879185362735,0.04530879185362735
2023-07-12,16903.25,16962.03,16864.01,16962.03,2023-07-12,0.0,0.0034774377708428617,0.0,0.0,0.04878622962447021,0.04878622962447021
2023-07-19,17265.38,17340.82,17082.54,17116.44,2023-07-19,0.0,-0.008626511550860916,0.0,0.0,0.040159718073609296,0.040159718073609296
2023-07-26,17205.47,17247.02,17121.99,17162.55,2023-07-26,0.0,-0.0024945555105441164,0.0,0.0,0.03766516256306518,0.03766516256306518
2023-08-02,17207.22,17212.55,16844.57,16893.73,2023-08-02,0.0,-0.018218515251156253,0.0,0.0,0.019446647311908927,0.019446647311908927
2023-08-09,16836.64,16956.73,16798.5,16870.94,2023-08-09,0.0,0.0020372235790513393,0.0,0.0,0.021483870890960266,0.021483870890960266
2023-08-16,16422.2,16446.78,16304.44,16446.78,2023-08-16,0.0,0.0014967543934429894,0.0,0.0,0.022980625284403255,0.022980625284403255
2023-08-23,16440.39,16588.51,16440.39,16576.9,2023-08-23,0.0,0.008303331003705061,0.0,0.0,0.03128395628810832,0.03128395628810832
2023-08-30,16666.33,16780.42,16666.33,16719.82,2023-08-30,0.0,0.003209464831189557,0.0,0.0,0.03449342111929787,0.03449342111929787
2023-09-06,16796.37,16841.19,16732.69,16738.16,2023-09-06,0.0,-0.003465629775957546,0.0,0.0,0.031027791343340327,0.031027791343340327
2023-09-13,16578.13,16653.3,16542.72,16581.51,2023-09-13,0.0,0.00020388306763163833,0.0,0.0,0.031231674410971966,0.031231674410971966
2023-09-20,16626.61,16665.27,16522.38,16534.75,2023-09-20,0.0,-0.005524878492970009,0.0,0.0,0.025706795918001957,0.025706795918001957
2023-09-27,16273.84,16324.22,16212.86,16310.36,2023-09-27,0.0,0.0022440923592710327,0.0,0.0,0.02795088827727299,0.02795088827727299
2023-10-04,16419.48,16419.48,16203.34,16273.38,2023-10-04,0.0,-0.00889796753612171,0.0,0.0,0.01905292074115128,0.01905292074115128
2023-10-11,16567.43,16729.5,16567.43,16672.03,2023-10-11,0.0,0.006313592391819389,0.0,0.0,0.02536651313297067,0.02536651313297067
2023-10-18,16608.02,16612.25,16398.76,16440.91,2023-10-18,0.0,-0.010062006187372186,0.0,0.0,0.015304506945598484,0.015304506945598484
2023-10-25,16320.71,16459.34,16320.71,16358.89,2023-10-25,0.0,0.002339359010729236,0.0,0.0,0.01764386595632772,0.01764386595632772
2023-11-01,16027.72,16099.03,15978.26,16038.56,2023-11-01,0.0,0.0006763282612873844,0.0,0.0,0.018320194217615104,0.018320194217615104
2023-11-08,16691.32,16775.23,16665.4,16740.83,2023-11-08,0.0,0.0029662123786495798,0.0,0.0,0.021286406596264684,0.021286406596264684
2023-11-15,17039.62,17143.88,17034.95,17128.78,2023-11-15,0.0,0.005232511053650191,0.0,0.0,0.026518917649914875,0.026518917649914875
2023-11-22,17325.6,17344.53,17264.95,17310.26,2023-11-22,0.0,-0.0008853950223945972,0.0,0.0,0.025633522627520278,0.025633522627520278
2023-11-29,17352.11,17441.79,17323.27,17370.56,2023-11-29,0.0,0.0010632712678746437,0.0,0.0,0.02669679389539492,0.02669679389539492
2023-12-06,17340.82,17439.85,17337.47,17360.72,2023-12-06,0.0,0.0011475812562498078,0.0,0.0,0.02784437515164473,0.02784437515164473
2023-12-13,17447.51,17507.92,17438.69,17468.93,2023-12-13,0.0,0.0012276823455037444,0.0,0.0,0.029072057497148474,0.029072057497148474
2023-12-20,17608.35,17657.65,17597.48,17635.2,2023-12-20,0.0,0.0015248447469524695,0.0,0.0,0.030596902244100943,0.030596902244100943
2023-12-27,17766.73,17897.16,17766.73,17891.5,2023-12-27,0.0,0.0070226766546235275,0.0,0.0,0.03761957889872447,0.03761957889872447
2024-01-03,17829.28,17829.28,17518.19,17559.31,2024-01-03,0.0,-0.01514194628162202,0.0,0.0,0.02247763261710245,0.02247763261710245
2024-01-10,17495.67,17499.43,17439.27,17465.63,2024-01-10,0.0,-0.0017169962625036561,0.0,0.0,0.020760636354598794,0.020760636354598794
2024-01-17,17341.58,17361.05,17151.58,17161.79,2024-01-17,0.0,-0.010367567430418778,0.0,0.0,0.010393068924180016,0.010393068924180016
2024-01-24,17883.62,17944.98,17856.34,17875.83,2024-01-24,0.0,-0.0004355941358626936,0.0,0.0,0.009957474788317322,0.009957474788317322
2024-01-31,17970.41,17996.33,17874.95,17889.56,2024-01-31,0.0,-0.0044990626257274124,0.0,0.0,0.00545841216258991,0.00545841216258991
2024-02-15,18664.45,18725.47,18550.86,18644.57,2024-02-15,0.0,-0.0010651264837699959,0.0,0.0,0.004393285678819914,0.004393285678819914
2024-02-21,18673.49,18729.03,18645.27,18676.31,2024-02-21,0.0,0.00015101622674706938,0.0,0.0,0.004544301905566983,0.004544301905566983
2024-02-29,18796.54,19019.69,18794.62,18966.77,2024-02-29,0.0,0.009056454006960868,0.0,0.0,0.013600755912527851,0.013600755912527851
2024-03-06,19283.61,19532.3,19246.3,19499.45,2024-03-06,0.0,0.011192924976184404,0.0,0.0,0.024793680888712255,0.024793680888712255
2024-03-13,20024.83,20112.81,19866.73,19928.51,2024-03-13,0.0,-0.00481002834980393,0.0,0.0,0.019983652538908325,0.019983652538908325
2024-03-20,19879.25,19994.42,19728.43,19784.45,2024-03-20,0.0,-0.004768791579159104,0.0,0.0,0.015214860959749221,0.015214860959749221
2024-03-27,20158.07,20255.1,20108.96,20200.12,2024-03-27,0.0,0.0020860131947155747,0.0,0.0,0.017300874154464796,0.017300874154464796
2024-04-03,20388.84,20403.73,20269.66,20337.6,2024-04-03,0.0,-0.0025131395410431523,0.0,0.0,0.014787734613421644,0.014787734613421644
2024-04-10,20789.42,20883.69,20763.53,20763.53,2024-04-10,0.0,-0.0012453449879794576,0.0,0.0,0.013542389625442186,0.013542389625442186
2024-04-17,19986.62,20264.99,19986.62,20213.33,2024-04-17,0.0,0.011343088526224232,0.0,0.0,0.024885478151666418,0.024885478151666418
2024-04-24,19770.46,20165.77,19770.46,20131.74,2024-04-24,0.0,0.018273727571336273,0.0,0.0,0.04315920572300269,0.04315920572300269
2024-05-02,20360.67,20360.67,20222.44,20222.44,2024-05-02,0.0,-0.006789069318445806,0.0,0.0,0.036370136404556885,0.036370136404556885
2024-05-08,20604.18,20700.51,20547.48,20700.51,2024-05-08,0.0,0.004675264921972122,0.0,0.0,0.04104540132652901,0.04104540132652901
2024-05-15,20984.7,21308.32,20984.7,21147.21,2024-05-15,0.0,0.007744213641367237,0.0,0.0,0.048789614967896244,0.048789614967896244
2024-05-22,21248.99,21567.48,21248.99,21551.83,2024-05-22,0.0,0.014251971505469196,0.0,0.0,0.06304158647336544,0.06304158647336544
2024-05-29,21846.41,21906.1,21662.5,21662.5,2024-05-29,0.0,-0.008418316785229196,0.0,0.0,0.054623269688136245,0.054623269688136245
2024-06-05,21385.0,21510.86,21264.63,21484.88,2024-06-05,0.0,0.004670563479074241,0.0,0.0,0.059293833167210486,0.059293833167210486
2024-06-12,21841.81,22094.94,21841.81,22048.96,2024-06-12,0.0,0.009484104110419223,0.0,0.0,0.06877793727762971,0.06877793727762971
2024-06-19,22858.45,23275.3,22858.45,23209.54,2024-06-19,0.0,0.015359309139508559,0.0,0.0,0.08413724641713827,0.08413724641713827
2024-06-26,22938.57,23074.74,22893.75,22986.69,2024-06-26,0.0,0.0020977768012564457,0.0,0.0,0.08623502321839471,0.08623502321839471
2024-07-03,23009.82,23172.43,22994.28,23172.43,2024-07-03,0.0,0.007066982705644875,0.0,0.0,0.09330200592403959,0.09330200592403959
2024-07-10,23744.88,24040.61,23682.49,24007.08,2024-07-10,0.0,0.011042380504765692,0.0,0.0,0.10434438642880528,0.10434438642880528
2024-07-17,23827.27,23993.68,23650.94,23769.82,2024-07-17,0.0,-0.0024111029085581714,0.0,0.0,0.10193328352024711,0.10193328352024711
2024-07-26,22206.93,22206.93,21889.61,22119.21,2024-07-26,0.0,-0.003950118273890246,0.0,0.0,0.09798316524635686,0.09798316524635686
2024-07-31,22088.78,22315.31,22046.29,22199.35,2024-07-31,0.0,0.005005708780656981,0.0,0.0,0.10298887402701384,0.10298887402701384
2024-08-07,20638.28,21306.23,20638.28,21295.28,2024-08-07,0.0,0.03183404818618607,0.0,0.0,0.1348229222131999,0.1348229222131999
2024-08-14,21952.03,22155.29,21942.22,22027.25,2024-08-14,0.0,0.003426562372591535,0.0,0.0,0.13824948458579145,0.13824948458579145
2024-08-21,22316.78,22358.88,22165.82,22237.89,2024-08-21,0.0,-0.0035350081866648564,0.0,0.0,0.1347144763991266,0.1347144763991266
2024-08-28,22210.57,22370.66,22108.86,22370.66,2024-08-28,0.0,0.007207829425359247,0.0,0.0,0.14192230582448584,0.14192230582448584
2024-09-04,21574.65,21574.65,20922.17,21092.75,2024-09-04,0.0,-0.022336399431740595,0.0,0.0,0.11958590639274524,0.11958590639274524
2024-09-11,21089.18,21134.05,21031.0,21031.0,2024-09-11,0.0,-0.0027587606535673936,0.0,0.0,0.11682714573917785,0.11682714573917785
2024-09-18,21813.54,21859.16,21584.63,21678.84,2024-09-18,0.0,-0.006175063744811693,0.0,0.0,0.11065208199436616,0.11065208199436616
2024-09-25,22569.29,22785.32,22569.29,22761.6,2024-09-25,0.0,0.008520870616665288,0.0,0.0,0.11917295261103145,0.11917295261103145
2024-10-04,22459.1,22493.05,22193.5,22302.71,2024-10-04,0.0,-0.006963324443098773,0.0,0.0,0.11220962816793267,0.11220962816793267
2024-10-09,22637.17,22885.95,22637.17,22659.08,2024-10-09,0.0,0.0009678771683918619,0.0,0.0,0.11317750533632454,0.11317750533632454
2024-10-16,22990.64,23258.52,22866.73,23010.98,2024-10-16,0.0,0.0008847078637219674,0.0,0.0,0.1140622132000465,0.1140622132000465
2024-10-23,23402.24,23486.45,23318.84,23334.76,2024-10-23,0.0,-0.0028834846578790208,0.0,0.0,0.11117872854216748,0.11117872854216748
2024-10-30,22985.13,23116.33,22801.45,22820.43,2024-10-30,0.0,-0.0071655022181732475,0.0,0.0,0.10401322632399423,0.10401322632399423
2024-11-06,23112.95,23439.39,23035.3,23217.38,2024-11-06,0.0,0.004518246264540116,0.0,0.0,0.10853147258853435,0.10853147258853435
2024-11-13,22894.91,23046.47,22860.23,22860.23,2024-11-13,0.0,-0.0015147471643260912,0.0,0.0,0.10701672542420826,0.10701672542420826
2024-11-20,22872.91,22977.56,22622.47,22688.36,2024-11-20,0.0,-0.008068496750085585,0.0,0.0,0.09894822867412267,0.09894822867412267
2024-11-27,22665.58,22743.99,22334.78,22334.78,2024-11-27,0.0,-0.014594817339772637,0.0,0.0,0.08435341133435004,0.08435341133435004
2024-12-04,23126.08,23255.33,23034.7,23255.33,2024-12-04,0.0,0.005588928171138319,0.0,0.0,0.08994233950548836,0.08994233950548836
2024-12-11,23108.36,23108.36,22880.57,22903.63,2024-12-11,0.0,-0.008859564244282137,0.0,0.0,0.08108277526120622,0.08108277526120622
2024-12-18,23014.43,23211.17,22934.59,23168.67,2024-12-18,0.0,0.006701882253872915,0.0,0.0,0.08778465751507913,0.08778465751507913
2024-12-25,23226.35,23296.36,23159.36,23220.13,2024-12-25,0.0,-0.00026779928830822364,0.0,0.0,0.08751685822677091,0.08751685822677091
2025-01-02,22975.71,23038.08,22713.63,22832.06,2025-01-02,0.0,-0.006252255098971871,0.0,0.0,0.08126460312779904,0.08126460312779904
2025-01-08,23522.29,23671.28,23388.63,23407.33,2025-01-08,0.0,-0.0048872792572491885,0.0,0.0,0.07637732387054985,0.07637732387054985
2025-01-15,22757.46,22777.34,22509.65,22514.57,2025-01-15,0.0,-0.01067298371610892,0.0,0.0,0.06570434015444093,0.06570434015444093
2025-01-22,23472.67,23642.08,23472.67,23525.41,2025-01-22,0.0,0.002246868379268463,0.0,0.0,0.0679512085337094,0.0679512085337094
2025-02-12,23449.31,23528.61,23289.75,23289.75,2025-02-12,0.0,-0.006804464608979988,0.0,0.0,0.06114674392472941,0.06114674392472941
2025-02-19,23589.44,23683.46,23550.99,23604.08,2025-02-19,0.0,0.0006206166827191772,0.0,0.0,0.061767360607448585,0.061767360607448585
2025-02-26,23221.84,23431.24,23156.02,23402.55,2025-02-26,0.0,0.007781898419763511,0.0,0.0,0.0695492590272121,0.0695492590272121
2025-03-05,22778.86,22948.3,22757.22,22871.9,2025-03-05,0.0,0.00408448886379742,0.0,0.0,0.07363374789100952,0.07363374789100952
2025-03-12,22171.1,22391.47,22153.61,22278.36,2025-03-12,0.0,0.004837829426596052,0.0,0.0,0.07847157731760557,0.07847157731760557
2025-03-19,22245.42,22247.66,21942.69,21960.83,2025-03-19,0.0,-0.012793195183547712,0.0,0.0,0.06567838213405786,0.06567838213405786
2025-03-26,22327.61,22398.12,22235.89,22260.29,2025-03-26,0.0,-0.0030151010341008533,0.0,0.0,0.062663281099957,0.062663281099957
2025-04-02,21313.77,21390.52,21235.99,21298.22,2025-04-02,0.0,-0.0007295752933431654,0.0,0.0,0.06193370580661384,0.06193370580661384
2025-04-09,18337.44,18371.52,17306.97,17391.76,2025-04-09,0.0,-0.0515709935519898,0.0,0.0,0.01036271225462404,0.01036271225462404
2025-04-16,19737.09,19737.09,19453.14,19468.0,2025-04-16,0.0,-0.013633722093783884,0.0,0.0,-0.003271009839159844,-0.003271009839159844
2025-04-23,19163.61,19639.14,19163.61,19639.14,2025-04-23,0.0,0.024814218197928284,0.0,0.0,0.02154320835876844,0.02154320835876844
2025-04-30,20215.39,20331.89,20185.31,20235.03,2025-04-30,0.0,0.0009715370319345329,0.0,0.0,0.022514745390702973,0.022514745390702973
2025-05-07,20575.15,20685.28,20418.03,20546.49,2025-05-07,0.0,-0.0013929424572846072,0.0,0.0,0.021121802933418365,0.021121802933418365
2025-05-14,21552.42,21782.87,21552.42,21782.87,2025-05-14,0.0,0.010692534759437766,0.0,0.0,0.03181433769285613,0.03181433769285613
2025-05-21,21603.58,21879.24,21603.58,21803.91,2025-05-21,0.0,0.009273000123127595,0.0,0.0,0.04108733781598373,0.04108733781598373
2025-05-28,21539.15,21634.37,21305.73,21357.72,2025-05-28,0.0,-0.008423266470589663,0.0,0.0,0.03266407134539406,0.03266407134539406
2025-06-04,21341.44,21618.09,21341.44,21618.09,2025-06-04,0.0,0.012963042793738389,0.0,0.0,0.04562711413913245,0.04562711413913245
2025-06-11,22376.37,22470.1,22294.6,22470.1,2025-06-11,0.0,0.004188793803463264,0.0,0.0,0.049815907942595716,0.049815907942595716
2025-06-18,22135.83,22370.25,22104.68,22356.73,2025-06-18,0.0,0.009979296010133698,0.0,0.0,0.059795203952729414,0.059795203952729414
2025-06-25,22341.87,22444.51,22284.52,22430.61,2025-06-25,0.0,0.003971914615920724,0.0,0.0,0.06376711856865014,0.06376711856865014
2025-07-02,22463.55,22577.74,22396.26,22577.74,2025-07-02,0.0,0.0050833461318449125,0.0,0.0,0.06885046470049505,0.06885046470049505
2025-07-09,22253.17,22527.01,22211.1,22527.01,2025-07-09,0.0,0.012305662519092708,0.0,0.0,0.08115612721958776,0.08115612721958776
2025-07-16,22967.51,23106.43,22923.12,23042.9,2025-07-16,0.0,0.0032824629226242408,0.0,0.0,0.084438590142212,0.084438590142212
2025-07-23,23063.57,23318.67,23063.57,23318.67,2025-07-23,0.0,0.011060733442394222,0.0,0.0,0.09549932358460622,0.09549932358460622
2025-07-30,23288.72,23461.72,23264.64,23461.72,2025-07-30,0.0,0.007428488985225412,0.0,0.0,0.10292781256983163,0.10292781256983163
2025-08-06,23443.36,23557.49,23433.53,23447.36,2025-08-06,0.0,0.00017062400611522754,0.0,0.0,0.10309843657594686,0.10309843657594686
2025-08-13,24232.04,24406.94,24172.19,24370.02,2025-08-13,0.0,0.005694114073763412,0.0,0.0,0.10879255064971027,0.10879255064971027
2025-08-20,24309.27,24309.27,23620.24,23625.44,2025-08-20,0.0,-0.028130421028685793,0.0,0.0,0.08066212962102448,0.08066212962102448
2025-08-27,24449.81,24539.88,24410.08,24519.9,2025-08-27,0.0,0.002866688943595097,0.0,0.0,0.08352881856461958,0.08352881856461958
2025-09-03,24036.88,24103.23,23925.49,24100.3,2025-09-03,0.0,0.0026384455886121483,0.0,0.0,0.08616726415323173,0.08616726415323173
2025-09-10,25032.88,25272.23,25032.88,25192.59,2025-09-10,0.0,0.006380009012147081,0.0,0.0,0.09254727316537881,0.09254727316537881
2025-09-17,25543.91,25632.07,25422.96,25438.25,2025-09-17,0.0,-0.004136406681670923,0.0,0.0,0.08841086648370788,0.08841086648370788
